Country Name,Indicator Name,1988,1989,1990,1991,1992,1993,1994,1995,1996,1997,1998,1999,2000,2001,2002,2003,2004,2005,2006,2007,2008,2009,2010,2011,2012,2013,2014,2015,2016,2017,2018,2019,2020,2021,2022
Afghanistan,"Goods exports (BoP, current US$)",453800000,252300000,,,,,,,,,,,,,,,,,,,563299197.5,408756401.3,435773347.6,460318410.7,475530985.2,505792648.2,641767413.5,577859765.7,614217572.1,783962916.8,875242667.4,863834412.2,776734541.8,,
Albania,"Goods exports (BoP, current US$)",344600000,393700000,322100000,73000000,70000000,111600000,141300000,204900000,243700000,90900000,100670000,91700000,95200000,109500000,85180000,100716315.5,149032362.1,194117835.6,223619399.4,359838412,546214691.5,403524040.6,739411255.8,962502319,1123281061,1417739063,1239878797,855336790.7,789221582.4,901243616.8,1163648667,1014731695,908550736.1,1494341013,2037015150
Algeria,"Goods exports (BoP, current US$)",7620249883,9533869206,12963761314,12330295095,,,,,,,,,,,,,,46334000000,54740000000,60490141391,78062556459,45174562427,57098374720,72779523484,71438958670,64817044407,60033584184,34449182418,29316936939,34569616296,41123518094,35312712054,21914992637,38628351310,65502134507
Andorra,"Goods exports (BoP, current US$)",,,,,,,,,,,,,,,,,,,,,,,,,,,,,,,,129972471.3,169400776.7,176790152,
Angola,"Goods exports (BoP, current US$)",2492000000,3014000000,3883900000,3449300000,3832800000,2900500000,3016600000,3722700000,5095000000,5006760000,3542870000,5156530000,7920710000,6534320000,8327889093,9508176643,13475002110,24109411611,31862236056,44396193769,63913941114,40827945316,50594853215,67310283732,71093269880,68246518071,59169884895,33181130226,27588875075,34613454928,40757766797,34725561391,20937437118,33581489803,50037992660
Antigua and Barbuda,"Goods exports (BoP, current US$)",28192592.59,29144444.44,33425925.93,55203703.7,75007407.41,62077777.78,44448148.15,53144444.44,38033333.33,37874074.07,36433333.33,37875585.19,52353966.67,44649629.63,33639382.22,44725100.37,57061044.44,82670221.48,73995931.11,59283601.85,65385681.11,50741039.63,45715381.11,56150986.3,59042074.07,64197195.56,98707946.47,67572501.53,50060382.71,37177841.74,42970058.47,50071207.31,34450036.75,47561919.1,50989516.36
Argentina,"Goods exports (BoP, current US$)",9134000000,9573000000,12354000000,11978000000,12397400000,13262600000,16026700000,21141832000,24034600000,26420900000,26408700000,23287800000,26337200000,26528000000,25634300000,29950400000,34588800000,40434150000,46617500000,56076562000,70159472000,55790984000,68305873000,83119709000,80083655000,75928228361,68440435907,56809053493,57959933691,58661873552,61801002638,65162061725,54945509699,77986711230,88515083086
Armenia,"Goods exports (BoP, current US$)",,,,,,156190000,215350000,275019740,292039423,233966582,232508497,246894782,313760102,369336820,554555704,724987013,770352079.8,1028698417,1052970724,1204225219,1106287496,773615111,1197479193,1431559506,1515701955,1635856170,1698148850,1623898609,1892025433,2387607345,2724729181,3360716479,2718848500,3276624686,5717869651
Aruba,"Goods exports (BoP, current US$)",87374301.68,107486033.5,155474860.3,878770949.7,1069217877,1154357542,1296759777,1346145251,1734860335,1728324022,1164469274,282519553.1,234692737.4,191899441.3,223798882.7,159273743,3434581006,4416215839,4717024446,5206592179,5456592179,1951843575,264525139.7,5180167598,1388882682,273755743.3,254540473.1,329660020.5,284021038.1,134600398.1,184801641.6,130708110.2,87331576.42,123003045.7,205274645.9
Australia,"Goods exports (BoP, current US$)",,37237292830,39732496801,42447458921,42915586221,42716537707,47436944947,53307054295,60515586486,64969123661,55848921246,56029835314,64039984645,63666859386,65090759267,70510644519,87128030619,1.06942E+11,1.24641E+11,1.42513E+11,1.88947E+11,1.54778E+11,2.1381E+11,2.71926E+11,2.5839E+11,2.54152E+11,2.40656E+11,1.88212E+11,1.92876E+11,2.31536E+11,2.57958E+11,2.71522E+11,2.51418E+11,3.45278E+11,4.13411E+11
Austria,"Goods exports (BoP, current US$)",,,,,,,,,,,,,,,,,,1.14048E+11,1.29502E+11,1.56813E+11,1.72808E+11,1.31817E+11,1.45031E+11,1.70268E+11,1.60182E+11,1.64299E+11,1.67468E+11,1.43325E+11,1.45575E+11,1.58251E+11,1.76298E+11,1.7108E+11,1.59976E+11,1.98599E+11,2.09829E+11
Azerbaijan,"Goods exports (BoP, current US$)",,,,,,,,612343000,643669000,808257000,677751000,1025231000,1858335000,2078931000,2295484000,2611091000,3586852000,7398064000,12749075000,20899798000,30220553000,20658360000,25741126000,33996343000,31877133000,31781146000,28259658000,15586052000,13210511000,15152059000,20793769000,19868261000,12588158000,21692281000,40868584000
"Bahamas, The","Goods exports (BoP, current US$)",310800000,221000000,283500000,229400000,216600000,192200000,198500000,225400000,273300000,295000000,362900000,406800000,464800000,416900000,422066878.5,426530000,477460000,549132570,703540000,801874138.3,955822000,710680000,702435000,833539000,984017000,954914000,833944931.7,520531829.2,481397433.1,570600436.5,641734133.9,695323347.3,393294916.5,609469824.2,
Bahrain,"Goods exports (BoP, current US$)",2411436170,2831117021,3760638298,3513297872,3465425532,3723404363,3617021613,4114362021,4702128066,4382979131,3270213092,4362766199,6194946809,5575797872,5795212766,6631382979,7558244681,10242021277,12200000000,13633510638,17315691489,11873670213,13647074468,19650265957,23076595745,25602393617,23497872340,16540425532,12784574468,15376063830,18043617021,,,,
Bangladesh,"Goods exports (BoP, current US$)",1291023746,1304772234,1672401690,1688658601,2097866552,2544671069,2934413942,3733288294,4008737693,4839709275,5140892903,5457697105,6398441703,6083646029,5989425301,6814326706,7977826434,9054546740,11233798031,12137743126,15298332386,15051721757,19209407428,24537200415,24904204338,28638191700,29924488670,31736035719,34122050870,35300765073,38681904956,38747293729,32456147197,41815967657,51868265496
Barbados,"Goods exports (BoP, current US$)",179450000,187300000,218900000,206650000,189850000,187550000,180100000,239800000,281200000,283850000,262312947.5,273058304.5,316141999,289184776,281013097,338434768.5,371173681.7,508125675.8,667923501,713457611.4,733410099,481829277.6,722478470.3,832712749.9,827800495.8,884868469.4,966165453.5,939688878.5,976754709.5,705063590.1,,,,,
Belarus,"Goods exports (BoP, current US$)",,,,,,1970100000,2510000000,4803000000,5790100000,6918700000,6157400000,5645100000,6035300000,6682200000,7250600000,9177300000,13014600000,15194000000,18895800000,23309600000,31627400000,20595400000,24506100000,40927600000,45574300000,36540100000,35423300000,26164300000,23099800000,28690200000,33429800000,32333000000,28395600000,39122300000,37644100000
Belgium,"Goods exports (BoP, current US$)",,,,,,,,,,,,,,,1.56715E+11,1.7226E+11,2.07354E+11,2.27937E+11,2.46976E+11,2.87722E+11,3.15455E+11,2.41722E+11,2.71417E+11,3.23937E+11,3.00843E+11,3.12714E+11,3.10964E+11,2.50722E+11,2.69061E+11,3.00373E+11,3.27108E+11,3.17952E+11,2.96349E+11,3.78158E+11,4.11997E+11
Belize,"Goods exports (BoP, current US$)",119400000,124400000,129200000,126100000,140600000,132000000,156464000,164552000,171270000,193400000,186160000,241914011.7,261923857.6,253941945,294908237.2,300201564.6,289916809.1,308048780.4,408927959.7,416264480,479973484.8,383955784.5,475729501.2,603581171.1,627854152.7,608074014.1,588687029.1,537911604.9,442799709.7,457436755.1,451249163.1,425276780.1,288753129.1,422123245.5,494356198.2
Benin,"Goods exports (BoP, current US$)",190194187.6,187904202.2,237493803.3,373533212.8,345078690.5,393479252.1,397904595.8,419936213.6,522869180.5,424023277.1,414271319.3,421600058.4,393306762.3,373840199.8,449946156.5,542039308.7,569568439.2,578343031.8,736112437.2,1048143874,1287372078,1229494123,1282783671,1252444989,1442539725,1982438623,2566617493,2392374855,2835518188,2980590514,3344316328,3056477196,2995822076,3642106898,
Bermuda,"Goods exports (BoP, current US$)",,,,,,,,,,,,,,,,,,,25450000,25315598.7,23523951.86,28668980.41,14684082.32,12630185.5,11139986.93,12686934.28,21145965.41,21438542.45,18962110.01,18710619.31,16661582.45,18015224.84,10760815.43,9149997,
Bhutan,"Goods exports (BoP, current US$)",,,,,,,,,,,,,,,,,,,312020438.1,576549816.2,598869932.4,517952252.8,521649960.6,663687111.9,626875426.3,544473557.7,534675223.4,581541423.5,496545208.8,554623776.9,602753463.4,609343526.2,651940784.3,719359615.5,769177822.6
Bolivia,"Goods exports (BoP, current US$)",542500000,723500000,830800000,760300000,608400000,715500000,985100000,1041400000,1131990000,1090000000,1032000000,1005500000,1139092096,1188657426,1184341416,1492659722,2044256551,2622226566,3661955401,4262826734,6271446254,4709830000,6129300487,8174835185,11132827855,11538700931,12809705325,8684018276,7029946630,8133837887,8940200489,8827819916,7013096617,10966024556,13541191840
Bosnia and Herzegovina,"Goods exports (BoP, current US$)",,,,,,,,,,,663834835.1,831757777.9,1129815179,1134207360,1109709445,1477486792,2086675261,2555319693,3381442075,2486359677,3134155039,2685925194,3392868173,4290191684,3983877454,4510889026,4643390179,4079614411,4354547520,5410504388,6285525099,5825919178,5508172064,7673020643,8811568816
Botswana,"Goods exports (BoP, current US$)",1468948027,1819656449,1795356808,1871132312,1743923971,1722150573,1874325679,2160192482,2217532156,2819829460,2060630922,2658167681,2675138477,2314435140,2345620839,3024070308,3691882257,4438400213,4525608573,5162540114,4798259405,3335517335,4693348193,6419398068,5791620634,7906299961,8496040089,6271625273,7372657698,5963590764,6594497840,5259963076,4341311311,7429781653,8312499340
Brazil,"Goods exports (BoP, current US$)",33773000000,34375000000,31408000000,31619000000,35793000000,39624000000,44102000000,46506000000,47746000000,52787328532,51045291549,48197279310,55187572648,58105671219,60278560129,72883461454,96097603410,1.18414E+11,1.37709E+11,1.6054E+11,1.98214E+11,1.53525E+11,2.01197E+11,2.55403E+11,2.41982E+11,2.41511E+11,2.23971E+11,1.89914E+11,1.84267E+11,2.18E+11,2.3952E+11,2.258E+11,2.10707E+11,2.84012E+11,3.40328E+11
Brunei,"Goods exports (BoP, current US$)",,,,,,,,,,,,,,3643592053,3708861472,4423954153,5068835389,6240958255,7626932018,7691599164,10697696963,7171881681,8799576438,12376247123,12881822980,11835474929,11111405941,6125471665,4811718565,5474293015,6470749447,7209991572,6535165749,11001133819,14129518561
Bulgaria,"Goods exports (BoP, current US$)",9283000000,8268000000,6113000000,3737000000,3956400000,3726500000,3935100000,5345000000,4890200000,3358500000,4193499000,4006367182,4824629175,5105025672,5352471319,7069157199,9921386893,11790949973,15154046460,19533494152,22503649095,16379999294,18741520000,26566780000,25263630000,28171460000,27891560000,24301220000,25549570000,30498370000,32721830000,32591960000,31160920000,40647310000,48272830000
Burkina Faso,"Goods exports (BoP, current US$)",,,,,,,,,,,,,,,,,,481050691.6,607701814.1,655639140.9,861096332.6,903791077.9,1592528572,2402090825,2868098758,2663142644,2759035497,2364117633,2828797024,3250281395,3954237905,3927770512,4846982740,5678318202,
Burundi,"Goods exports (BoP, current US$)",124356280.5,93245798.32,72750983.55,92957742.6,76955327.82,73861108.82,80653045.07,112889502.8,40413326.87,87472476.53,64030789.9,54983253.85,49052598.96,39154897.91,31015982.64,37528126.21,48482605.14,60801764.34,58676450.91,58836291.5,69648172.76,68414018.28,101236293.9,123982004.7,134698608.2,94050454.72,131793726.8,120838349.4,124686434.8,172637712.5,180189335.8,,,,
Cambodia,"Goods exports (BoP, current US$)",,,,,264500000,283672000,489900000,855200000,643600000,736000000,802006672,1130339200,1397116191,1571184739,1769804974,2086800285,2588900439,2907982186,3692382885,3247780957,3493099141,3153637940,3902895992,5040651644,5683779668,7043869638,8168535518,9336304092,10272926617,11223642803,12962698484,14986142170,18522232765,19520944332,23178927520
Cameroon,"Goods exports (BoP, current US$)",1841206243,1853807568,2125357467,1957449402,1934060664,1507720408,1454166376,1735916523,2002277654,2036426882,1878073849,1738499321,1979110409,1876726282,1971419814,2489016048,2713046684,3266523818,3852066025,4962602734,5865264029,4080607775,4317471246,5660319955,5756784861,6081523886,6571041691,5219111886,4590922014,4603426012,5184326571,5525592952,4415761477,6005715846,
Canada,"Goods exports (BoP, current US$)",1.16465E+11,1.23871E+11,1.30075E+11,1.28583E+11,1.34791E+11,1.46957E+11,1.6657E+11,1.92931E+11,2.04868E+11,2.18462E+11,2.19948E+11,2.47714E+11,2.88048E+11,2.70784E+11,2.62513E+11,2.83881E+11,3.28561E+11,3.70565E+11,3.98505E+11,4.3051E+11,4.60229E+11,3.23035E+11,3.92359E+11,4.61445E+11,4.62922E+11,4.66457E+11,4.8047E+11,4.1113E+11,3.94137E+11,4.24111E+11,4.52323E+11,4.48869E+11,3.90498E+11,5.07598E+11,5.99065E+11
Cape Verde,"Goods exports (BoP, current US$)",15092517.43,20659138.2,18095757.14,12707620.49,10760305.85,7242628.92,12173645.81,14484342.47,18936338.86,40176474.8,21089709.05,14738691.25,30611338.59,28272786.15,31905444.31,41396788.4,42887873.15,77161967.31,85794542.08,69639337.54,102832037.3,79732824.16,122722538.5,196644687.9,179474285.2,194991262.4,264970053.8,158562229.1,155431963.7,189532019.9,273630686.3,265689765.1,128677755.3,178088566,281294988.2
Cayman Islands,"Goods exports (BoP, current US$)",,,,,,,,,,,,,,,,,,,,,,,,,,,,,634616538.5,370426440.6,309415669.5,434119764.7,612358069.4,,
Central African Republic,"Goods exports (BoP, current US$)",133662038.2,148093325.7,150537277.7,125622588.1,115855496.5,132453942.4,145892137.9,,,,,,,,,,,,,,,,,,,,,,,,,,,,
Chad,"Goods exports (BoP, current US$)",145889742.7,155359594.3,230253792.5,193536557.6,182298808.9,151789124.4,135299648.2,,,,,,,,,,,,,,,,,,,,,,,,,,,,
Chile,"Goods exports (BoP, current US$)",7054100000,8078400000,8372700000,8941500000,10007400000,9198700000,11604100000,16025000000,16626465804,17869877663,16322526210,17161948434,19209887166,18271390807,18178137790,21650906898,33025407004,41973992485,59380159233,68561364484,64510142785,55462671481,71108528876,81437843855,78283505945,77069617459,75324399113,62120249898,60769494235,68904187418,74838121947,68792346366,74024363033,94774015624,98548327680
China,"Goods exports (BoP, current US$)",41054000000,43220000000,51519000000,58919000000,69568000000,75659000000,1.02561E+11,1.2811E+11,1.51077E+11,82983000000,78985000000,83794000000,1.11332E+11,1.18463E+11,1.4546E+11,3.88298E+11,5.25615E+11,6.9487E+11,8.9766E+11,1.12274E+12,1.33456E+12,1.11909E+12,1.47807E+12,1.80781E+12,1.97352E+12,2.14859E+12,2.24376E+12,2.14275E+12,1.98952E+12,2.21621E+12,2.41744E+12,2.38664E+12,2.51001E+12,3.21584E+12,3.34688E+12
Colombia,"Goods exports (BoP, current US$)",5343000000,6031000000,7079000000,7507000000,7263200000,7428500000,9050197139,10592634724,10972379030,12084264961,11479103737,12026896970,13744694741,12860428586,12367040812,13798246747,17194908681,21708662781,25166243998,30555767082,38476021835,33977347462,40761915542,58262191478,61603864423,60282300134,56898749075,38572113082,34063233599,39785612624,42993049353,40655600660,32308967195,42735574446,59624151692
Comoros,"Goods exports (BoP, current US$)",21480921.53,18049840.09,17934898.65,24356221.03,21428877.09,21581424.34,10785333.13,11315399.32,,,,,,,,30078882.71,20841786.47,14391426.55,13325022.74,16516178.65,9853670.621,18950564.53,22597938.07,25827376.36,19506081.18,,25930916.69,16956644.84,30782877.96,39468627.35,43601538.25,40559137,22062069.42,35752052.51,55503345.66
"Congo, Dem. Rep.","Goods exports (BoP, current US$)",,,,,,,,,,,,,,,,,,2402800000,2704700000,6147900000,6869800000,4371000000,8477900000,9471900000,8743370359,11612971601,12321200000,10284773560,11885542239,11548162610,15966849817,15031295906,13788701763,22185255469,
"Congo, Rep.","Goods exports (BoP, current US$)",843194567.3,1160471375,1388721630,1107736075,1178729372,1119145053,958925607.4,1286599269,1654850901,1661504005,1367794852,1560658964,2497989402,2057075021,2299611625,2642536302,3439349884,4747198295,6071103424,5713176683,8129317630,5779181390,8539145100,10931632940,9971577310,8925740752,8878638827,4680230465,4358647529,,,7589302641,4435821893,,
Costa Rica,"Goods exports (BoP, current US$)",1180700000,1333400000,1354200000,1498100000,1739100000,1866800000,2122000000,2569400000,2749610000,2902100000,3157610000,2626640447,4179869135,4195020731,4268892785,4607352359,5120469210,5568947320,6310766159,6874209427,7513776854,6622878484,7492546077,8301379073,8922635328,8866326406,9455567011,9452400028,10100261496,10810697189,11730272940,11831494437,12066682925,14872762800,16302003539
Cote d'Ivoire,"Goods exports (BoP, current US$)",,,,,,,,,,,,,,,,,,7592014245,8369453548,8559332232,10292930967,11212909113,11421347029,12651630159,12122759836,12052756795,12984780627,11735247561,10882922075,11882442226,11917663545,12628493497,12499992628,15320271125,
Croatia,"Goods exports (BoP, current US$)",,,,,,3910314000,4402796000,4517259000,4643474000,3981320000,4517196000,4341979785,3163299916,3345891535,3978359988,4896256544,6629732247,7525237050,8975437399,10512997254,11710962973,9171276948,10684153211,12182424585,11139866965,11853687175,12512227789,11292486605,11613138769,13204517234,14404843884,14344882193,13736048802,18426316864,21434842971
Cuba,"Goods exports (BoP, current US$)",,,,,,,,,,,,,,,,,,,,,,,,,,,,,,,,,,,
Cyprus,"Goods exports (BoP, current US$)",709128918.7,795350146.6,951580683.1,951707313.4,985877870.4,867703089.8,967510580.2,1228725068,1392417618,1245774123,1064644192,1000280414,950924374.6,975220765.6,1007996874,1182564284,1572709689,2045509063,1979990176,1986029805,3354885866,3409478371,3563355682,4209069853,3898408570,3601380225,3550212103,3195208096,2874481796,3149178667,4387522637,3452526418,3375193284,4224344133,4789247699
Czech Republic,"Goods exports (BoP, current US$)",,,,,,12099472139,12297435857,15816447990,16557225814,16479009082,18811902360,18036216541,19644621430,22846619264,26954555173,35275253693,56003940481,71554951811,85771675081,1.07017E+11,1.26345E+11,1.01026E+11,1.15073E+11,1.37893E+11,1.34125E+11,1.36995E+11,1.46629E+11,1.28169E+11,1.30931E+11,1.45846E+11,1.61089E+11,1.56104E+11,1.46772E+11,1.75777E+11,1.84155E+11
Denmark,"Goods exports (BoP, current US$)",27537191159,28728147845,36072155254,36782729567,40503730540,36947838870,41740792908,50348228652,50734655474,48102870851,47907826571,49786592852,50083927657,50466348572,55472556322,64537125820,75050248640,81513296556,90515014782,1.01639E+11,1.1824E+11,94720313342,1.01132E+11,1.17876E+11,1.11288E+11,1.16915E+11,1.19447E+11,1.03346E+11,1.03821E+11,1.11277E+11,1.19312E+11,1.21405E+11,1.19751E+11,1.40876E+11,1.48302E+11
Djibouti,"Goods exports (BoP, current US$)",,,,47861535.78,37632018.73,45346357.49,47642090.69,32010848.46,29028646.02,31172455.7,27993315.37,27492530.43,31628226.26,31616972.67,35623252.18,37249396.53,37980880.14,39500115.35,55170745.16,58068545.64,68815728.02,77368459.55,85133439.49,92701481.54,117999561.1,2401280659,2703782896,2582238452,1732119446,3162001114,3521958576,3996173778,2784611835,4146926925,
Dominica,"Goods exports (BoP, current US$)",57037037.04,46303703.7,56070370.37,55648148.15,55311111.11,48511111.11,47996296.3,46092592.59,52903703.7,53762962.96,63185185.19,56003703.7,54740740.74,44380000,43606370.37,41010000,42919551.48,42909028.89,44259658.15,39018382.59,43885135.19,36815298.89,37243385.56,36169574.44,38594799.26,41033222.22,38514367.85,34876544.45,25424905.11,13007629.67,11570724.9,21183274.52,15488131.56,21329862.01,22502172.58
Dominican Republic,"Goods exports (BoP, current US$)",889700000,924400000,734500000,658300000,562500000,602100000,736400000,872100000,945500000,1017300000,880300000,805200000,966100000,794700000,847700000,1064000000,1250700000,1395100000,1931400000,2635100000,2393400000,1689300000,6816000000,8361600000,8935500000,9424400000,9898900000,9441800000,9839600000,10134600000,10638100000,11192700000,10301900000,12486400000,13776900000
East Timor,"Goods exports (BoP, current US$)",,,,,,,,,,,,,,,,,,,9252764.126,6648418.165,14061182.84,14595333.68,27080122.76,28676960.78,33265504.28,17670430.79,15482722.32,18048200,20045100,16693758.05,24603795.87,25958158.54,17393717.44,2287331579,2037921157
Ecuador,"Goods exports (BoP, current US$)",2205000000,2354000000,2724000000,2851000000,3101000000,3135850000,3935910000,4460310000,4919420000,5356470000,4322150000,4611490000,5051684520,4813295871,5251182682,6440426912,7962153641,10461690881,13170091670,14864155482,19454767463,14406025924,18131092038,23076323024,24562898323,25580775039,26590481333,19042747808,17413375499,19549069027,22157179400,22773849436,20569528781,26967561472,33033353717
"Egypt, Arab Rep.","Goods exports (BoP, current US$)",2769714286,3118818182,3924000000,4164000000,3670000000,3545000000,4044000000,4670000000,4779000000,5525300000,4403000000,5236500000,7061000000,7024900000,7117700000,8987300000,12319600000,16073200000,20545600000,24454600000,29849000000,23089300000,25024200000,27913400000,26834500000,26533700000,25268700000,19030900000,20018300000,23339400000,28045807000,28472107000,25049007000,36442200000,44721800000
El Salvador,"Goods exports (BoP, current US$)",610640000,557500000,643879289.4,586777546.8,598146117.8,741740168.8,820850637.3,1104792728,1022958310,1372962170,1259280411,1179000000,1334900000,1216800000,1240600000,1257800000,1384481000,1864100000,2254700000,2793700000,3275500000,2923576030,3473156739,4242593851,4242229301,4394930263,4294427682,4436976012,4322313880,4667395107,4735593478,4747910177,3919625501,5150653193,5723239901
Eritrea,"Goods exports (BoP, current US$)",,,,,16385553.27,41863090.35,77931289.92,85919591.89,97918681.96,56381306.12,28092401.18,20678663.24,36808601.8,,,,,,,,,,,,,,,,,,,,,,
Estonia,"Goods exports (BoP, current US$)",,,,,460704442.2,802659772.7,995147150.2,1296073530,1381151001,1703041667,1866911682,1660900217,1899671626,2083603333,2410337385,3304958150,4384188267,5730412672,6977192638,9388339876,10546418657,7395356976,9910386285,14456267679,13807600113,14563648094,14643222704,11862878802,12435597762,13525047599,14870729658,14911482886,15210699546,19325714949,21123861363
Eswatini,"Goods exports (BoP, current US$)",466600028.4,494113363.2,550337624,593775067.3,638461064.2,684582285,784305313.5,859594964,838300138.1,945000265.8,966107537,934986791.7,965541030.4,1027115259,1067425568,1636186095,1791769314,1601331818,1560592934,1625837499,1489153250,1564933548,1805286067,1595552639,1674595411,1824480813,1849774619,1668738477,1635738096,1793024646,1828272883,1980989306,1739331218,2059859738,2029827673
Ethiopia(excludes Eritrea),"Goods exports (BoP, current US$)",400000000,443816425.1,291980676.3,167632850.2,169883574.9,198840000,371965735.3,423017569,417479306.7,588275137.5,560345145.5,467354434,486065462.1,508324153,550935675.3,496388183,678301895.4,917349757.4,1055546060,1350794630,1718581217,1694678621,2479500108,3029375494,3257974059,3014456726,3418298315,2920026146,2810825746,3030123288,2705000196,2745929327,3252826739,3929967919,3969724083
Faeroe Islands,"Goods exports (BoP, current US$)",,,,,,,,,,,442170000,472100000,476780000,516160000,537350000,593740000,618710382.7,603271415.6,650545533.6,745177953.9,852401883.2,765685711.2,835113982.8,1005991138,,,,,,,,,,,
Fiji,"Goods exports (BoP, current US$)",372869703,377123595.5,415555768.1,362574823.4,349769265.6,370936096.4,490190386.7,519649206,672201239.9,535646873.4,428927346.1,537716570.4,530125262.7,496959366.8,464124766.1,651015610.4,634301946.2,680569041.2,659151820.7,722647098.9,901997972.2,615098781.7,819747577.5,1071737361,1205131844,1143327159,1208532271,970193385.8,921839857.5,987051789.2,1003626840,1026264878,819285988.1,887455616.5,1047525536
Finland,"Goods exports (BoP, current US$)",21851474035,22921232969,26139225393,22760613233,23815417043,23366648234,29544029074,39785143630,39959402070,40426237605,42040115763,41228677570,45051988704,42362126737,48006719029,55564828656,65704638525,70041740217,81902890483,98615710258,1.05434E+11,71766068829,75038955325,83030370296,76760162737,77796801806,74459455559,58806695990,58351635009,67198318454,74302405231,72690213780,67416386738,82912145159,93022735639
Fm Sudan,"Goods exports (BoP, current US$)",427000000,544366666.7,326500000,302500000,213400000,306300000,523900000,555700000,620300000,594200000,595700000,780100000,1806700000,1698700000,1949110000,2542170000,3777750000,4824279734,5656560000,8879240000,11670500000,8257110000,11404280000,10193432479,4066499000,4789732000,4453723000,3169011000,3093639000,4100380502,3484681534,3734656598,3802573401,5027385190,4357418278
France,"Goods exports (BoP, current US$)",1.60224E+11,1.71543E+11,2.07666E+11,2.08617E+11,2.2687E+11,1.9924E+11,2.2451E+11,2.70596E+11,2.74326E+11,2.82081E+11,2.97937E+11,2.96888E+11,2.93576E+11,2.91429E+11,3.05729E+11,3.59538E+11,4.16747E+11,4.39683E+11,4.8505E+11,5.44317E+11,6.03018E+11,4.71025E+11,5.07695E+11,5.86877E+11,5.60945E+11,5.82361E+11,5.80549E+11,5.21964E+11,5.21166E+11,5.59708E+11,6.13301E+11,5.96381E+11,5.0636E+11,6.22099E+11,6.69608E+11
French Polynesia,"Goods exports (BoP, current US$)",,,,,,,,,,,,,,,161960821.6,146180960.9,175432071.2,204014362.2,197983749.5,235264009.3,194564965.6,145948093.2,153547729.5,151867080.3,127709287.6,149823748.9,166564844.8,127546657.6,177872511.2,,,,,,
Gabon,"Goods exports (BoP, current US$)",1195575389,1626007853,2488753706,2227878795,2259231296,2326225454,2365253771,2726790128,3332868537,3032514783,1907623722,2494702234,3316005160,2610283064,2553387548,3176741230,4069151643,5456881215,,6835631258,9102957320,6375786637,8857671180,10150682274,9782623976,9358638267,8290404601,5112624090,,,,,,,
"Gambia, The","Goods exports (BoP, current US$)",83563600.58,92932325.73,114164347.3,129907443.5,150915357.9,152428797.5,123818447,122116267.9,117206253.8,116517704,,,,,,64763795.25,106803699.6,104324892.1,108864032.6,134326682.9,205501524.2,174206723.2,139924085,114484164.4,125849801.6,131408760.8,123864451.2,107519931.8,91204884.07,139399656.5,157697874.3,154459514.3,70055726.84,31655923.68,
Georgia,"Goods exports (BoP, current US$)",,,,,,,,,,376500000,299900000,329500000,478268156.8,484859636.7,574299221.8,767531420.2,1055062736,1413899873,1586400631,2055612536,2387584323,1853711316,2393250865,3222953097,3459098760,4190759927,3995072600,3021038529,2864698017,3569916756,4406503034,4945568727,4346525927,5539339212,7536250086
Germany,"Goods exports (BoP, current US$)",3.10888E+11,3.28368E+11,3.9602E+11,3.83561E+11,4.08936E+11,3.60085E+11,4.05095E+11,4.94674E+11,4.95725E+11,4.83802E+11,5.10451E+11,5.10797E+11,5.17849E+11,5.36597E+11,5.78744E+11,7.01377E+11,8.53217E+11,9.19536E+11,1.05773E+12,1.2707E+12,1.39851E+12,1.07464E+12,1.21241E+12,1.43025E+12,1.37352E+12,1.423E+12,1.47031E+12,1.29437E+12,1.30509E+12,1.41993E+12,1.52479E+12,1.4665E+12,1.35975E+12,1.61408E+12,1.6317E+12
Ghana,"Goods exports (BoP, current US$)",881000000,808200000,896800000,997700000,986300000,1063600000,1237700000,1431200000,1570000000,1489860000,2090800000,2005500000,1936321433,1867114038,2015190116,2562560897,2704467546,2802195812,3726674820,4172139004,5269730513,5839700000,7960080000,12785406533,13552347535,13751918378,13216778567,10321186611,11136878170,13834850000,14942720191,15667527637,14471527063,14727459381,17494360981
Greece,"Goods exports (BoP, current US$)",6015000000,6074000000,6458000000,6911000000,6076000000,5112000000,5338000000,5918000000,5890000000,5576000000,,8390919224,10120149407,10502103046,9771471868,12485857067,15629355371,17461520087,20138995839,23747394212,28869024559,20993418271,22244488075,27471481985,27884573855,35699800208,35577819517,27518376686,27229570716,31702637913,38208484097,36308417145,33035804104,46237172636,56191148890
Greenland,"Goods exports (BoP, current US$)",,,,,,,,,,,,,,,,,,,,,,,,,,,,,,,,,,,
Grenada,"Goods exports (BoP, current US$)",33185185.19,31111111.11,29285185.19,25318518.52,23518518.52,22740740.74,25240740.74,24570370.37,24925925.93,32800000,45948148.15,74296296.3,82959259.26,63604511.11,41411111.11,45544444.44,37509111.11,32865137.04,32285492.59,40732086.67,40466671.85,35292697.41,31126358.52,37153500.37,42813457.04,46520555.56,46773412.07,43712080.94,38532402.53,41308471.41,45511794.85,47949438.72,28554717.45,44271782.74,50912550.16
Guatemala,"Goods exports (BoP, current US$)",1073300000,1126100000,1211400000,1230000000,1283700000,1363200000,1550100000,1991000000,2061300000,2390700000,2561900000,2492900000,2713000000,2464772781,2473154944,2631743683,5105100000,5459500000,6082100000,6983200000,6763967850,6181335510,7195611440,8968698780,8579639570,8663107030,9375330050,9084883040,8972542240,9650544060,9644081760,9918523510,10126634020,12413545620,14281666360
Guinea,"Goods exports (BoP, current US$)",511870000,595570000,671210000,687130000,517150000,561100000,515670000,582750000,636532000,626100000,692960000,635670000,667477322.9,734671471,707008000,609262640.8,725550000,842810000,1032580000,1203200000,1342010000,1049720000,1471210000,1428340000,1927590000,1886260000,2066340769,1781147781,2414302954,4595010000,3978070000,3945350000,8931210000,10238880000,8752570000
Guinea-Bissau,"Goods exports (BoP, current US$)",15900000,14200000,19260000,20440000,6470000,15960000,33210000,23900000,21610000,48860000,,,,62888919.96,54381121.24,65010288.36,75747019.97,89618682.46,74139860.91,107040670,128131430.6,121641030.4,126600766.8,237992932,131358384.9,152792474.9,165964114.8,252246891.9,164008200,340159827.9,339532095.6,248788803.6,213798110.2,299866729.6,
Guyana,"Goods exports (BoP, current US$)",,,,,381700000,415500000,463400000,495700000,572300000,590600000,545100000,522300000,502900000,485400000,490100000,508000000,583994000,545631000,579602000,674881000,801519876.9,768183772.6,884979901,1129076609,1415453833,1375114818,1167188505,1151257152,1434405435,1437329894,1377136300,1567001510,2589971096,4355912633,
Honduras,"Goods exports (BoP, current US$)",889450000,911200000,895200000,840600000,839300000,872800000,939500000,1189700000,1434500000,1548600000,1611900000,1217800000,1314705270,1284495948,1260374972,1364490593,1645233030,1898017953,2108748546,2542674037,2848173165,2375026869,2831735681,3977560167,4419765998,3915824469,4087751951,3991554376,3940383961,4573643423,4365091335,4265179405,4291559021,5236038042,6134001209
"Hong Kong, China","Goods exports (BoP, current US$)",,,,,,,,,,,1.5998E+11,1.57936E+11,1.84764E+11,1.76798E+11,1.86197E+11,2.09509E+11,2.42917E+11,2.74879E+11,3.03914E+11,3.30036E+11,3.54231E+11,3.16631E+11,3.88901E+11,4.37661E+11,4.68398E+11,5.06204E+11,5.1416E+11,5.01728E+11,5.0155E+11,5.4046E+11,5.68131E+11,5.43059E+11,5.41268E+11,6.73501E+11,6.14665E+11
Hungary,"Goods exports (BoP, current US$)",9988949655,10492947125,9151260811,9687529645,10096604497,8118736152,7648220894,11297475281,11947574970,15080009951,18462289251,20379578894,24476084604,26724180054,30972099192,38548335247,52170305748,60095050071,71444353179,91650574856,1.05754E+11,79295688985,87582997362,99810386213,89883270321,93298597968,98055213654,87033701009,86948512417,96278354988,1.04603E+11,1.03618E+11,1.01421E+11,1.19362E+11,1.30866E+11
Iceland,"Goods exports (BoP, current US$)",1425400000,1401500000,1588537736,1551428276,1528960412,1398537999,1560040901,1803609058,1889498251,1851783899,1917572130,1950022115,1828277795,1890585937,2109265078,2246154626,2741066106,2889198763,3099263874,4118761333,4654249887,3718839976,4123232726,4852948532,4608969569,4595544708,4895694603,4681651697,4516717479,5001707452,5720073407,5351948671,4691292459,6050113139,7460320161
India,"Goods exports (BoP, current US$)",13509794583,16143880746,18286186694,18094877656,20019380807,22015873054,25522526248,31238525606,33737287503,35702052076,34075707693,36877276369,43246625500,44793193849,51141118294,60893318399,77921854646,1.02403E+11,1.23876E+11,1.5353E+11,1.99065E+11,1.67958E+11,2.30967E+11,3.07847E+11,2.98321E+11,3.1911E+11,3.28387E+11,2.72353E+11,2.68615E+11,3.04107E+11,3.32087E+11,3.31272E+11,2.81545E+11,4.02424E+11,4.58272E+11
Indonesia,"Goods exports (BoP, current US$)",19509000000,22974000000,26807000000,29635000000,33796000000,36607000000,40223000000,47454000000,50188000000,56298000000,50370971800,51241887522,65407380000,57364570000,59165120000,64109240000,66084130000,81682380000,98250970000,1.11301E+11,1.3221E+11,1.13266E+11,1.49966E+11,1.91109E+11,1.87347E+11,1.82089E+11,1.75293E+11,1.49124E+11,1.4447E+11,1.68883E+11,1.80725E+11,1.68455E+11,1.63402E+11,2.32835E+11,2.92538E+11
"Iran, Islamic Rep.","Goods exports (BoP, current US$)",10709000000,13081000000,19305000000,18661000000,19868000000,18080000000,19434000000,18360000000,22391000000,18381000000,13118000000,21030000000,28345000000,,,,,,,,,,,,,,,,,,,,,,
Iraq,"Goods exports (BoP, current US$)",,,,,,,,,,,,,,,,,,23697400000,30529400000,39587000000,63728200000,39429300000,51760300000,79684000000,94207000000,90586782324,85369500000,51337497778,41298300000,57559100000,86359900000,81585200000,46829000000,73083800000,
Ireland,"Goods exports (BoP, current US$)",,,,,,,,,,,,,,,,,,1.07715E+11,1.11216E+11,1.27343E+11,1.29848E+11,1.18315E+11,1.18764E+11,1.27555E+11,1.30885E+11,1.31061E+11,1.51911E+11,2.2219E+11,2.1369E+11,2.23826E+11,2.49522E+11,2.54663E+11,2.7733E+11,3.31924E+11,3.72106E+11
Israel,"Goods exports (BoP, current US$)",10350300000,11142400000,12743400000,12232700000,13620800000,14925900000,17241800000,19525700000,21289100000,22573300000,22778300000,25456800000,30890200000,27967600000,27645500000,30395500000,37157700000,40725500000,43958900000,51302100000,58589500000,46716900000,56247300000,63044400000,60739800000,62949900000,63219300000,57075200000,55928300000,58178700000,60170200000,60360100000,59097100000,69758100000,79898500000
Italy,"Goods exports (BoP, current US$)",1.27923E+11,1.40538E+11,1.70407E+11,1.69949E+11,1.78689E+11,1.68697E+11,1.90573E+11,2.33226E+11,2.51275E+11,2.39502E+11,2.4183E+11,2.29615E+11,2.33992E+11,2.3914E+11,2.48636E+11,2.93496E+11,3.45971E+11,3.64686E+11,4.08461E+11,4.89391E+11,5.32732E+11,3.97127E+11,4.34882E+11,5.06933E+11,4.83796E+11,5.01129E+11,5.14672E+11,4.47324E+11,4.49581E+11,4.91177E+11,5.32948E+11,5.13847E+11,4.74601E+11,5.86999E+11,6.22317E+11
Jamaica,"Goods exports (BoP, current US$)",898400000,1028900000,1190600000,1196700000,1116500000,1105400000,1548000000,1796000000,1721000000,1700300000,1613400000,1499100000,1562800000,1454400000,1309100000,1385600000,1601625808,1664320000,2133613000,2362580537,2743891964,1387723875,1370358549,1666090336,1728499366,1580479634,1448619237,1254861538,1188319201,1350869098,1960961118,1653218414,1250578464,1480794869,1901510456
Japan,"Goods exports (BoP, current US$)",,,,,,,,,3.9524E+11,4.03959E+11,3.69624E+11,3.98926E+11,4.54301E+11,3.79094E+11,3.90953E+11,4.43877E+11,5.33531E+11,5.70982E+11,6.19219E+11,6.80623E+11,7.49118E+11,5.48145E+11,7.35436E+11,7.89951E+11,7.7664E+11,6.9494E+11,6.99181E+11,6.22038E+11,6.35821E+11,6.88665E+11,7.35578E+11,6.95179E+11,6.305E+11,7.49753E+11,7.51746E+11
Jordan,"Goods exports (BoP, current US$)",1007437471,1109430328,1063813537,1129469207,1218924508,1246308319,1424454581,1769589378,1816925247,1835543018,1802397743,1831875882,1899294781,2294419190,2769958231,3081664316,3882933709,4301410437,5204372355,5731454731,7937108747,6375070423,7028309859,8006338028,7886619718,7912535211,8385352113,7832957746,7548732394,7511408451,7750281690,8317323944,7943239437,9357464789,12380281690
Kazakhstan,"Goods exports (BoP, current US$)",,,,,,,,5440000000,6291600000,6899300000,5870500000,5988700000,9287045820,8922759340,10018193941,13223380776,20595728373,29693647519,39938585194,51953709284,67001557299,47909872863,62684092722,89062790048,86876287419,87699198139,70106327628,41647392523,37021558674,49469468607,59025316879,59541448681,44065071708,65790637963,85417987492
Kenya,"Goods exports (BoP, current US$)",1072738645,1000512011,1090170385,1185348191,1099425249,2335641001,2647021480,1908394032,2066338712,2057847269,2013690992,1756694528,1778396179,1888506138,2159397466,2409571843,2723419273,3459469536,3509011372,4123210762,5028644478,4492093091,5210877279,5833526949,6212262084,5846194605,6218926449,5970149702,5747698482,5801181358,6086592995,5870736830,6051680922,6789019929,7418914097
Kiribati,"Goods exports (BoP, current US$)",5593369.317,5506894.161,3341772.547,3631531.697,5517577.348,4282042.215,6148780.754,,,,,,,,,,,,3271661.065,11262259.82,9178987.903,7415973.315,6658012.458,11476792.42,10190044.86,8082631.623,11503530.41,11026875.26,11594331.5,15239353.76,8402673.129,12342915.15,9672648.562,9540913.088,
"Korea, Rep.","Goods exports (BoP, current US$)",56353000000,57861500000,59861300000,67400800000,73489000000,80789600000,91980100000,1.19578E+11,1.24427E+11,1.32367E+11,1.27539E+11,1.36031E+11,1.69524E+11,1.4642E+11,1.60956E+11,1.94912E+11,2.56054E+11,2.85262E+11,3.29111E+11,3.82803E+11,4.3291E+11,3.63931E+11,4.63835E+11,5.87213E+11,6.03665E+11,6.18393E+11,6.13397E+11,5.43083E+11,5.11926E+11,5.8031E+11,6.26267E+11,5.56668E+11,5.17909E+11,6.49475E+11,6.90462E+11
Kuwait,"Goods exports (BoP, current US$)",7708869231,11396305561,6988958416,1079964600,6547924899,10214068048,11254072338,12833068349,14946132302,14280588880,9617541451,12223458353,19478302068,16237357955,15366505435,21794459410,29000678656,45302739726,56453281105,62526133847,86943577755,54422928658,67130070024,1.02855E+11,1.19643E+11,1.15745E+11,1.04791E+11,55335404101,46616639445,55174736586,77080075563,64797372044,40248218410,68415645284,1.00314E+11
Kyrgyz Republic,"Goods exports (BoP, current US$)",,,,,,339613000,339961000,408930000,531180000,630810000,535066205,462553248,510921779,480256934,498087037,590334127.8,733182154.8,686837029.8,905995141.8,1337838495,1874366598,1693835675,1601821438,2343650875,2514741195,2757121227,2380088035,1571439692,1572558203,1749280010,1904511151,2025040704,2007177693,2770064333,2185320188
Lao PDR,"Goods exports (BoP, current US$)",57800000,63300000,78700000,96600000,132600000,162900000,201100000,216500000,246200000,188600000,187600000,162800000,330310000,319516009.5,300618172.8,335466769.5,363347319.4,553078978.1,882027566.5,922692491.1,1091908594,1052675939,1746404988,1853978326,2191257051,2264462724,3276461743,3653305209,4244774582,4873156451,5407819544,5805947282,6114934022,7694526807,
Latvia,"Goods exports (BoP, current US$)",,,,,799870954,1054374000,1021721000,1367556000,1220856000,1446650000,1591200000,1472600000,1320632273,1467396867,1717144162,2200702281,3356117901,4802928907,5621288817,7761428688,9083653308,7019487531,8828553085,11681460736,12485851949,13077254980,13693385426,11578687047,11609652101,13161497781,14851141943,14284486900,15396105905,19141280896,21786505985
Lebanon,"Goods exports (BoP, current US$)",,,,,,,,,,,,,,,1252135318,1773036253,2095977915,2360965475,2813853868,3574280000,4453620000,4187106636,4688709891,4798859609,5009904671,4498807105,4100346174,3551392094,3689155164,3754984062,3541666918,4535152732,3819041876,4299697383,
Lesotho,"Goods exports (BoP, current US$)",64030705.59,65928612.89,64517827.75,67519084.68,109083027.3,134476101.1,143485197.7,160078100.4,194993146.1,247780168.2,245198961.5,204726273.2,245033370.2,356355216.2,420445033.8,561093540.4,664450385.7,634295978.1,718189126.5,829702775.5,884044198.3,734145630,877656595.6,1174791344,972355680.3,847058693.3,875675941.7,928611432,881332185.3,1028349576,1221141695,1063508874,888797225.8,1060877473,1052349343
Libya,"Goods exports (BoP, current US$)",5653222833,7273658058,11351549902,10701806034,10191318833,8544199923,7704491748,7482812162,7930178183,8176561207,5326210760,7275812095,12038000000,10634000000,9851000000,12878000000,17425000000,28849000000,37473000000,46929000000,61950100000,37055000000,48935000000,19060000000,61026100000,46017900000,19300000000,10861000000,6764100000,18864600000,29830400000,29057800000,9311500000,,
Lithuania,"Goods exports (BoP, current US$)",,,,,,2025766034,2029209528,2706095000,3413150000,3398050000,3111600000,2324757500,3112837500,3855325000,4551917178,5788554279,8371250637,11210021347,13570935926,16243047655,22679951365,15569445921,19408634273,26231485526,27484416393,29393252408,27274887610,21797845832,21536926313,25761606303,28955487006,29049286326,29236161039,37365119551,43138334524
Luxembourg,"Goods exports (BoP, current US$)",,,,,,,,,,,,8564403833,8635025561,8998272777,9356833846,10900512579,13564430308,14402858330,16972081450,19364644086,23436394923,17671917238,23067541795,28368801451,25876276457,27781611445,27887846314,23651792391,23886048210,26449946769,28272900681,26889805663,24420596411,29389883160,28974793713
Macao,"Goods exports (BoP, current US$)",,,,,,,,,,,,,,,2355830716,2580661093,2812341293,2474495343,2557202250,2542426880,2046687227,1034521758,974777569.2,1060611933,1399725834,1493341508,1786989298,1959887183,1546518792,1746156336,1969165074,1855427531,4238498124,7997575179,6544803295
Madagascar,"Goods exports (BoP, current US$)",284498687.6,321334632.6,317612728.8,335100470.8,326250469.4,334557349.1,449699698.7,504921701.7,487519652.2,325780238.3,336751674.4,393578700.7,416345471.7,533276456,500912682.2,449484053.9,449294956.9,830775687.9,968904284.3,1239005248,1314383137,1053628511,1149778180,1473088462,1516163420,1821876610,2192525294,2046513285,2160447684,2804375509,3035724609,2612087659,1948329538,2707724600,3547068018
Malawi,"Goods exports (BoP, current US$)",293483682.3,268778222.3,406430228.7,475508884.6,399913920.9,317458635,323050499.6,445467180,509633340.2,540246014.2,539555137.2,448438226,403128764.8,427911821.8,422446556.1,567537365.7,517522318.3,541368481.9,721030301.1,803225021.9,950132334.9,1268360353,1142537954,1517954434,1276630885,1284363623,1532695812,1153803038,1066202435,909659464.3,945381810.8,1073624573,826529568.2,1076315677,
Malaysia,"Goods exports (BoP, current US$)",20979971615,24775903600,28805767364,33711910014,39822824729,46237998209,56897254715,71767170169,76985066233,77538264664,71882783883,83874236842,98240526316,87791578947,93315868421,1.0493E+11,1.26589E+11,1.41603E+11,1.61485E+11,1.76545E+11,1.99222E+11,1.58058E+11,1.87336E+11,2.15164E+11,2.08795E+11,2.02285E+11,2.07483E+11,1.74631E+11,1.6552E+11,1.86586E+11,2.05655E+11,1.97272E+11,1.86062E+11,2.4259E+11,2.81174E+11
Maldives,"Goods exports (BoP, current US$)",54347530,63700000,78000000,76200000,65100000,52720000,75430805.53,85011564.53,79939369.54,89650900.05,95626120.11,91485787.35,108673435.9,110209441.1,132449998.8,151994610.5,180972519,161637204.4,225246511.3,226956110.4,331382361.1,169042040.1,197500739.1,346378682.1,314420378.6,330965130.5,300867069.6,239837304.5,256195091,318339267,339229050.5,360685658.7,257624353.6,285385371.7,399744419.4
Mali,"Goods exports (BoP, current US$)",247105724.8,268488312.5,334894573.3,370604181.4,364046032.9,371941801.7,334921519,441832506.2,443643674.8,569342877.6,567351458.9,591346482.2,545450083,725755972.3,879245164.6,929773052.4,978186606,1101300693,1551627565,1557746501,2104147787,1779357224,2054591327,2392908835,3000961529,2874116180,2783096628,2717798728,2827967889,2903428336,3585281659,3675281453,4794043320,4857868683,
Malta,"Goods exports (BoP, current US$)",780096114.1,891267387.4,1191790176,1324553547,1603545262,1400849967,1613667580,1944905908,1781455671,1676183228,1830017181,2022852866,2483988594,2029562693,2346615447,2599908983,2720850882,2544580277,3238209457,3696501017,3652800210,2796839573,3345858199,3953506678,4117150706,3777115345,3356954506,2984806712,2890279171,3463040830,3777857699,3859895112,3458568936,3584499592,3818341450
Mauritania,"Goods exports (BoP, current US$)",437611418.1,447893463.1,443895842.9,435763461.6,406771481.2,402985507,399652033.2,476402820.4,480040809.9,423619281.8,358640144,,,,,,,,,,,,,,2640958168,2651470172,1938072314,1388560351,1400680263,1722378603,1895040485,2319241121,2590779667,2913808281,3824934095
Mauritius,"Goods exports (BoP, current US$)",1030233912,1025261589,1238069181,1253425347,1334686239,1334426940,1376920664,1571695749,1810557126,1600113342,1669302891,1589188620,1552221327,1628242397,1801304543,1898095892,1993109477,2138353971,2328840081,2237898295,2383940827,1938533433,2261494861,2564999784,2649119895,2868795076,3093875525,2661824493,2376428002,2341654010,2365715959,2222916853,1788849171,1961589921,2387566071
Mexico,"Goods exports (BoP, current US$)",20547000000,22842000000,26838000000,26855000000,27516000000,30031000000,34612960000,48438290000,58788200000,64863400000,1.17738E+11,1.3656E+11,1.66396E+11,1.59035E+11,1.61278E+11,1.64986E+11,1.88294E+11,2.14633E+11,2.50319E+11,2.72293E+11,2.91886E+11,2.29975E+11,2.9886E+11,3.50004E+11,3.71442E+11,3.80729E+11,3.97651E+11,3.80982E+11,3.74311E+11,4.09806E+11,4.51082E+11,4.6094E+11,4.17323E+11,4.95275E+11,5.78223E+11
"Micronesia, Fed. Sts.","Goods exports (BoP, current US$)",,,,,,,,,,,,,,,,,,,,,,45043800,57029100,58659300,84021800,92498000,88086500,,,,,,,,
Moldova,"Goods exports (BoP, current US$)",,,,,,,618477000,739020000,822850000,833670000,575030000,400480000,375700000,443580000,524580000,655890000,794370000,886100000,786950000,1026000000,1179730000,929510000,1164601250,1742496062,1687510000,1898130000,1816490000,1506940000,1557780000,1866090000,1975050000,2118040000,1944420000,2562230000,3702040000
Mongolia,"Goods exports (BoP, current US$)",829100000,795800000,444800000,346500000,355800000,365800000,367000000,451000000,423400000,568500000,462300000,454235829,535831384.8,523158147.9,523944721,627300000,872060000,1066100611,1543882800,1950682432,2508571363,1880866791,2907879727,4055998011,3800449204,3789369724,5470846491,4446401782,4803976536,5834308756,6556543074,7182845039,6990663057,8135740052,9854201538
Montenegro,"Goods exports (BoP, current US$)",,,,,,,,,,,,,,,,,,,,648334221,623167478.6,383721515.2,448968163.2,654178480.9,497633725,525252252,473231497.9,366221059,388020353,434357986.2,514288536.8,520790747.7,468945539.8,620771461.5,807558140
Morocco,"Goods exports (BoP, current US$)",3624004921,3330635461,4229137957,4282752640,3977570531,3695781789,3974044616,4712633326,4745707808,4677075796,4667019919,4865255064,4860330167,4704088968,5098232852,5529935423,6483546705,7328056004,8038370872,9884669615,15252247954,9166096929,12309391165,15945749512,16991999569,18261756867,19977019526,18618821762,19054117273,21506087030,24619714761,24694700800,23678514763,31674683734,36574755188
Mozambique,"Goods exports (BoP, current US$)",,,,,,,,,,,,,,,,,,1745256187,2381131626,2412120000,2653259648,2147183335,2333250120,3118274487,3855538399,4122638381,3916382362,3413270866,3328235536,4725302368,5012287397,4668914893,3588450287,5582547112,8280860681
Myanmar,"Goods exports (BoP, current US$)",165675676.6,222785107.6,222561318.8,248208683.4,531301140,630895694.2,857359502.3,933238773.8,937879657.7,974532500.4,1065148647,1070928697,1195108984,2036955438,1985874132,2329005517,2669379129,3502320472,4221698958,5402494812,5905367870,5903449906,7334734735,7699035580,8220307243,9403775779,10026283740,9957483517,9234804284,9810554818,11075561646,10840841174,,,
Namibia,"Goods exports (BoP, current US$)",,,1088345892,1179220770,1311283809,1293125510,1320435451,1418411755,1403724091,1343305446,1278298978,1196814090,1309458636,1146973877,1071605402,1261996024,1827466855,2063226777,2648252691,2918265945,3144058994,3021626222,3918541718,3875279049,4162374491,3774500095,3826834505,3210644829,3197456551,3743236986,4189938417,3879064991,3153332090,3572333689,4173186635
Nepal,"Goods exports (BoP, current US$)",193780954.9,161153117.1,217878003.6,274521869.4,376261839,397001459.9,368670723.7,349861549.5,388747760.2,413766812.5,482041860.1,612304439.4,776142672.3,720510374.5,632023022.3,703211811.4,773061293.2,902880578.6,848777042.7,924931909,986573075.6,837065298.5,900586741.3,998964290.6,1003958965,997068581,1022286756,813179963.9,762283423.3,835688143.4,932254409.4,1110916913,890100720.9,1721683725,1497288703
Netherlands,"Goods exports (BoP, current US$)",98479037576,1.03556E+11,1.23504E+11,1.23625E+11,1.29904E+11,1.22032E+11,1.35883E+11,1.89151E+11,1.88377E+11,1.81972E+11,1.905E+11,1.90553E+11,1.9728E+11,1.96833E+11,2.03107E+11,2.56486E+11,3.23061E+11,3.53609E+11,4.01569E+11,4.73792E+11,5.37979E+11,4.23464E+11,4.77657E+11,5.54904E+11,5.46694E+11,5.67629E+11,5.70983E+11,4.6417E+11,4.65613E+11,5.20637E+11,5.72564E+11,5.4888E+11,5.25018E+11,6.63328E+11,7.30197E+11
New Caledonia,"Goods exports (BoP, current US$)",,,,,,,,,,,,,,,462088356.9,778137446.6,1009202644,1089617353,1343606490,2122423177,1232748318,972265053.2,1416489168,1683954338,1333529494,1246380654,1602194480,1239093536,1335172987,,,,,,
New Zealand,"Goods exports (BoP, current US$)",,,,,,,,,,,,,13378368334,13806438286,14440520578,16795208945,20526366445,22014762971,22494740287,27241374989,31087598294,25225627095,31726991061,38119823155,37648283678,39728580834,41975713369,34457991638,33678825200,38285138029,39917330737,39687127760,38280232662,45097223341,46174446876
Nicaragua,"Goods exports (BoP, current US$)",235700000,318700000,332400000,268100000,223100000,267000000,338600000,469800000,470900000,581700000,579400000,552300000,649900000,599000000,567400000,622300000,772300000,880430000,1644000000,1927200000,2151300000,2091400000,2726100000,3416100000,3919400000,3879000000,4175800000,3873400000,3794600000,4179500000,4197400000,4341000000,4395800000,5574100000,6309700000
Niger,"Goods exports (BoP, current US$)",426311094,390789205.8,488388531.6,351526307.6,347286919.1,300417520.4,226815444.8,288064616.7,324742861.5,271335121.4,333990011.5,286896256.7,283797150.3,272730241.8,280762990.5,352600288.9,437434787.3,477741118.7,508403469,663400817.2,915849690.7,1000866643,1152139472,1272054638,1442271782,1588600117,1448276221,1087745053,1032292902,1208704799,1203027402,1125986686,1115530529,1208259579,
Nigeria,"Goods exports (BoP, current US$)",6875078062,7871430540,13585233678,12253892816,11791172220,9909995331,9459083470,3651450473,5049925072,4638680046,2556264311,12876266676,19132487905,17991625555,15613673538,23975612114,34766753663,55201459539,56934207071,66051055294,85745471629,56174949003,79618734657,99050952223,96123518929,97022823221,82595804758,45887738522,34703895443,45817488230,61221023098,64977546739,35944162564,46859613686,64227131760
North Macedonia,"Goods exports (BoP, current US$)",,,,,,,,,775920000,764890000,696205341.9,687354088.4,688973176,604909169,593385808.6,762765744.3,1046950226,1406720901,1787983710,2558722054,2996390236,1891910613,2617244957,3338572447,2965108634,3155727913,3687188591,3376974944,3903258993,4615178299,5752885868,5981978927,5535430678,7096975574,7719478155
Norway,"Goods exports (BoP, current US$)",23077336103,27166258456,34303426964,34176665115,35398016011,32186473440,34925875720,42198893128,49915381269,49071740636,40650157298,46019816887,60249521758,59221529106,59303245299,68367542781,82830209653,1.03384E+11,1.21657E+11,1.3586E+11,1.71688E+11,1.16811E+11,1.29119E+11,1.64773E+11,1.59825E+11,1.55303E+11,1.43836E+11,1.03832E+11,88905109568,1.03776E+11,1.21922E+11,1.03375E+11,84200855320,1.61954E+11,2.70459E+11
Occ.Pal.Terr,"Goods exports (BoP, current US$)",,,,,,,,489600000,529900000,611700000,528788629.3,501946375.3,569200524.7,458984526.9,345872760.6,327592416.4,370863829.4,498103376.7,556693687.1,807242607.1,811016699.4,802968883.8,816451536,1051136154,1133839292,1197013028,1423779994,1667685014,1705899367,1926326927,1845889106,1738035874,1715101234,2288468663,2586042463
Oman,"Goods exports (BoP, current US$)",3342002601,4067620286,5508452536,4871261378,5555266580,5365409623,5542262679,6065019506,7372999904,7656999900,5519999964,7236999953,11318000000,11074122237,11170351105,11669700910,13381014304,18691807542,21586475943,24691807542,37719115735,27651495449,36600780234,47091807542,52138361508,56429128739,53565990299,35682269598,27544112991,32885966731,41730065399,38685305592,33483287386,44590897269,
Pakistan,"Goods exports (BoP, current US$)",4425590321,4818196223,5405435437,6410838401,6913088869,6793407997,7116752174,8356347225,8507268922,8350730704,7796000000,7615000000,8657000000,9053000000,9773000000,11836000000,13281000000,15441000000,17065000000,18218000000,21223500000,18356000000,21481000000,26328000000,24792000000,25115000000,24777000000,22707000000,21820000000,23163000000,24842000000,24800000000,21941000000,29068000000,31483000000
Palau,"Goods exports (BoP, current US$)",,,,,,,,,,,,,,,,,,10982251.9,9660212.867,9489045.188,11999863.53,8129879.023,11653483.88,12838117.98,15018258.45,14380359.02,19082656.54,14753012.06,13325000,14059000,13790000,10918000,4315000,1065000,2098000
Panama,"Goods exports (BoP, current US$)",2505100000,2741300000,3345600000,4190500000,5103800000,5416600000,6044200000,6089700000,5821100000,6649600000,6329700000,5294600000,5824200000,5986800000,5309500000,5067200000,6075700000,7372600000,8472700000,10322000000,13864900000,13126000000,14130800000,19067700000,21121900000,19603000000,16840800000,14208600000,12932849900,13817445648,14751987605,14645481904,11600671025,16689797163,20850070133
Papua New Guinea,"Goods exports (BoP, current US$)",1475281024,1318515539,1175152253,1482053522,1947728682,2604359154,2651001707,2670419147,2529820998,2160056314,1773290540,1927380261,2094113742,1812919175,1657512007,2205578035,2620566564,3319046268,4204825280,4749773762,5807414476,4401653055,5748895942,6916702345,6331867579,5960138674,8876327712,7910824133,7240863903,9506349516,9809410252,10945593857,9076463165,11446284000,
Paraguay,"Goods exports (BoP, current US$)",871000000,1180000000,2096200000,1997100000,1997100000,2859000000,3360100000,5337184199,4903672021,4561456547,4836136122,3612822161,3640111489,3233830232,3216127163,3436617283,4163682289,4827685701,5949914687,7297377181,9655701354,7702445663,10382534285,12505920106,11544874552,13477281420,12893256335,10883307511,11744114811,12987248557,13181644590,12116295370,10954940596,13223047998,12815465199
Peru,"Goods exports (BoP, current US$)",2731470000,3532600000,3321000000,3408000000,3662000000,3383977473,4422655563,5490435105,5876889778,6823338177,5755474271,6086305605,6953859190,7025289679,7710436855,9088992652,12806738902,17365592658,23829967431,28093427370,31018398880,26961518361,35803080814,46375961554,47410606681,42860636594,39532682886,34414354525,37081738042,45421593444,49066475808,47980454817,42825601100,62966848136,66235360307
Philippines,"Goods exports (BoP, current US$)",7074000000,7821000000,8186000000,8840000000,9824000000,11375000000,13483000000,17447000000,20543000000,25228000000,29496000000,18403000000,21842000000,19498000000,21469000000,23542000000,25819000000,25161775241,30734443122,32802573146,34678750643,29142866160,36771714506,38276471890,46384288291,44512401095,49823702338,43197106829,42734423311,51814261869,51976749434,53476930081,48211513849,54227920605,57448066569
Poland,"Goods exports (BoP, current US$)",13846000000,12869000000,15837000000,14393000000,13929000000,13582000000,17024000000,25041000000,27491000000,30713000000,32436000000,30007000000,35924000000,41635000000,46743000000,60999000000,72799000000,87755000000,1.08185E+11,1.34732E+11,1.66462E+11,1.33296E+11,1.55987E+11,1.83598E+11,1.79165E+11,1.93445E+11,2.03012E+11,1.8205E+11,1.87263E+11,2.15919E+11,2.42228E+11,2.46647E+11,2.52355E+11,3.11591E+11,3.36818E+11
Portugal,"Goods exports (BoP, current US$)",11015033400,12842577781,16457895136,16390748441,18348132041,15780789829,18434451064,23809532696,24703612347,23947214700,24850611321,24507448186,24230391758,24112883791,26333142628,33106614151,38008457918,38646941793,45040147043,52087914238,56912938989,43882162468,48937557705,58888388805,56958651124,61760155039,62826690547,54279489095,54355517983,60226997980,66409520953,64886272496,59638766800,73533555256,79893546305
Qatar,"Goods exports (BoP, current US$)",,,,,,,,,,,,,,,,,,,,,,,,1.14444E+11,1.32954E+11,1.33336E+11,1.26702E+11,77294230769,57308791209,67498351648,84288461538,72934890110,51503846154,87203296703,1.30965E+11
Romania,"Goods exports (BoP, current US$)",11392000000,10487000000,5770000000,4266000000,4364000000,4892000000,6146000000,7900000000,8068000000,8403000000,8189000000,8307000000,10143000000,11016000000,13293000000,16843000000,22478000000,14451881702,18002765601,30070071881,39933517650,33710931123,43347321846,55793768176,51267857469,58312628708,62164702975,54502076901,57715591931,64585299890,73050449613,70622099296,65859398891,82964854563,90342251284
Russian Federation,"Goods exports (BoP, current US$)",,,,,,,66127690000,81175810000,88500570000,85945190000,73742200000,69656950000,99219930000,96552830000,1.02068E+11,1.2906E+11,1.77861E+11,2.40024E+11,2.97481E+11,3.46531E+11,4.66298E+11,2.97155E+11,3.92674E+11,5.15409E+11,5.27434E+11,5.21835E+11,4.96806E+11,3.41419E+11,2.81709E+11,3.52941E+11,4.43915E+11,4.19721E+11,3.3353E+11,4.9435E+11,5.90835E+11
Rwanda,"Goods exports (BoP, current US$)",,,,,,,,,,,,,,,,,,,,,,,297275256.4,464235095.7,590750475.1,703010080.4,723090596.1,682044871.8,726610898.9,1040463042,1129625986,1239701741,1407517931,1530830456,2111427729
Samoa,"Goods exports (BoP, current US$)",15092985.29,12866755.01,8875028.772,6471851.751,5822467.453,6435403.727,3518686.084,8761204.615,10084588.22,14632497.69,20399046.24,22421703.25,,,,,11895645.8,11996778.6,10345337.73,13888910.32,11255701.56,11550403.82,23138699.11,24640076.84,31175637.63,23944033.38,27497031.56,33784412.83,36255445.02,37341564.5,42250904.81,50562888.85,38293036.06,29000635.4,40864209.37
Sao Tome and Principe,"Goods exports (BoP, current US$)",9509709.3,4913683.679,4220000,,,,,,,5300000,4740000,3900000,2690000,3284921.118,6177303.52,6568600,5439600,6790804,7710857,6810434.162,7831400,9206153.06,10933960.77,10944716.83,15123831.46,12887099.13,17219459.32,11306367.46,13644241.89,15590436.47,16027934.3,13148547.53,13931154.3,20790920.83,
Saudi Arabia,"Goods exports (BoP, current US$)",24344000000,28346666667,44354666667,47725333333,50220000000,42338666667,42557333333,49974133333,60647733333,60651466667,38770133333,50688933333,77480533333,67972800000,72464266667,93244106667,1.25998E+11,1.80572E+11,2.11024E+11,2.33174E+11,3.13481E+11,1.92307E+11,2.51143E+11,3.64735E+11,3.8837E+11,3.75901E+11,3.42457E+11,2.03537E+11,1.83607E+11,2.21862E+11,2.94387E+11,2.61617E+11,1.73864E+11,2.76198E+11,4.10676E+11
Senegal,"Goods exports (BoP, current US$)",713182039,804148357.3,937910487.5,848543557.5,860623560.5,736820523.3,818779098.2,993311757.1,984217785.3,900585202.7,967420092,1026743076,923297148.5,1002915502,1071902584,1256582760,1520347388,1593583070,1601223141,1683730103,2217286790,2105302670,2166456004,2624466009,2745985143,2880115759,2982723255,2823307634,2874563718,3285684204,3866092163,4428041980,4188513934,5490565152,
"Serbia, FR(Serbia/Montenegro)","Goods exports (BoP, current US$)",,,,,,,,,,,,,,,,,,,,7986151185,10092188329,7750547773,9074642129,11305469386,10754620471,13973907477,14137566301,12704442113,14179913202,15904718053,17829784590,18372431609,18414377843,24827961326,28296139819
Seychelles,"Goods exports (BoP, current US$)",17263394.79,34220328.75,56996411.3,49177472.24,47917341.7,50332591.38,52988035.33,53234214.8,96318230.44,113263291.2,122306453.4,145135780.1,194101618.6,215749650.4,235928394.2,285614758,300362779.4,350101876.9,419201876.5,397557333.6,437609651.1,431798721.3,400233777.4,476895953.4,559121524.8,629231855.2,539047611.9,449378320.7,458313704.8,543869935.7,572651572.9,483204709.5,473095872.1,515711919.3,562903302.1
Sierra Leone,"Goods exports (BoP, current US$)",107904010.8,142026554.8,148515145.7,149508624.1,150376670.5,118268014.6,115989422.6,41468939.89,46777429.93,15718976.14,31641679.75,6289674.897,12795984.94,29150959.66,59839560.63,110790432.6,146148823.7,183631022.8,262494762.3,287153986,271499137.6,267652527,360172895.8,381523359.2,1053507333,1536142819,1298717851,581254400.5,712387311.1,766398199.7,658789368.3,557800000,608497105.2,1046599997,
Singapore,"Goods exports (BoP, current US$)",40702982720,45699945734,54678553038,61332870250,66565082158,77857973572,97918996494,1.33018E+11,1.41901E+11,1.43057E+11,1.20106E+11,1.28328E+11,1.54943E+11,1.38394E+11,1.42462E+11,1.67416E+11,2.06597E+11,2.42167E+11,2.80601E+11,3.1149E+11,3.54207E+11,2.89515E+11,3.74435E+11,4.48741E+11,4.51057E+11,4.57985E+11,4.50615E+11,3.96222E+11,3.73189E+11,4.17134E+11,4.60886E+11,4.41914E+11,4.19941E+11,5.14536E+11,5.7955E+11
Slovak Republic,"Goods exports (BoP, current US$)",,,,,,5452474589,6706092530,8590826423,8823792904,9640726248,10720173976,10201259493,11896090154,12649864385,8121986239,11731383936,33658276915,38660669205,49963337484,63358712442,71352674200,53623950505,61617372910,76066130755,77283737364,82914030506,83138732917,71631265406,73784959375,79697573750,88704254574,84571100307,80208300194,96119191702,1.01644E+11
Slovenia,"Goods exports (BoP, current US$)",,,,,5611700000,4918300000,5919400000,7337300000,7369900000,7518500000,8211400000,7859300000,8760700000,9286800000,10423000000,12850400000,16006500000,18074600000,21773957864,27567017361,29556395400,22716656634,24678824416,29298353461,27313355358,28754693017,30352816552,26566954536,27537204188,32080550352,36376509125,35830422177,33863930578,41669931778,44854614945
Solomon Islands,"Goods exports (BoP, current US$)",81920112.68,74697753.18,70112768.33,83433096.97,101738328.6,129057219.3,142160151.7,168296191.9,161509289.4,156445823.5,141829268.8,164546649.3,69287638.51,40039712.48,33474237.47,66626531.82,85642876.78,104757514.3,113984569.8,164456236.4,209841147.6,164901408.3,223952032.2,419650143.3,499690095.8,447808090,455210233.8,420708944.4,432138584.7,467990273.4,535980418.2,460924260.3,378712318.6,371236827.3,340868967.8
South Africa,"Goods exports (BoP, current US$)",24367871050,22676225044,23726268780,22934999183,24539919850,26017308970,26250591783,29783450232,30426457917,31166601219,29198775558,28533997382,31949744260,31063633958,31772111972,38700083789,48236927418,56261041953,66157547302,78691590488,89030761369,70556077152,91760122455,1.09454E+11,1.00043E+11,96524479548,93246684684,80790790821,76517462442,87638027809,94289618799,89927265207,85407774877,1.21772E+11,1.23501E+11
Spain,"Goods exports (BoP, current US$)",39945426892,43783030150,55657617114,60166814753,65847035601,62018683096,73968443401,93490417576,1.03237E+11,1.07555E+11,1.1118E+11,1.14769E+11,1.17681E+11,1.18911E+11,1.27739E+11,1.5838E+11,1.86631E+11,1.95074E+11,2.13661E+11,2.62113E+11,2.85323E+11,2.29831E+11,2.54565E+11,3.04217E+11,2.91515E+11,3.16521E+11,3.21491E+11,2.80504E+11,2.87116E+11,3.17496E+11,3.44007E+11,3.2996E+11,3.03656E+11,3.79192E+11,4.12284E+11
Sri Lanka,"Goods exports (BoP, current US$)",1477088636,1505056266,1853044882,2003321889,2301402863,2785691283,3208341504,3797932904,4095240235,4638651545,4807964037,4596186230,5439551443,4816890000,4699150000,5133210000,5757240000,6346727000,6882600000,7639900000,8110600000,7084500000,8625820000,10558820000,9773529592,10394251513,11130069942,10546498919,10309740478,11360418565,11889634107,11940012504,10047427169,12498581960,13106439476
St. Kitts and Nevis,"Goods exports (BoP, current US$)",28407407.41,29203703.7,28322222.22,28577777.78,33022222.22,31966666.67,28570370.37,36559259.26,39081481.48,45488888.89,44403703.7,44955555.56,51459259.26,55020740.74,63033785.19,57276922.22,58753827.78,63442088.52,58215032.22,57527000,68868853.33,37437191.11,57902102.22,67716508.52,62816892.59,58051566.67,56716251.48,34254443.56,24352188.44,29161093.7,26504735.68,34626079.31,27415276.49,29511431.78,
St. Lucia,"Goods exports (BoP, current US$)",122259259.3,116037037,130951851.9,113885185.2,128518518.5,124911111.1,99900000,114633333.3,86314814.81,70222222.22,70359259.26,60885185.19,52848148.15,54268148.15,69315940.74,71793481.48,96306838.52,88766251.85,96641362.22,101212971.9,172468942.2,191317649.6,238887513.7,192268976.3,212435634.8,205325962.6,94409207.36,113637323.1,90111663.2,93577180.5,70370875.81,91568570.89,60794600.9,86435016.28,65851851.85
St. Vincent and the Grenadines,"Goods exports (BoP, current US$)",87407407.41,77370370.37,85407407.41,67422222.22,79025925.93,57122222.22,48859259.26,61940740.74,52555555.56,47285185.19,50092592.59,49611111.11,51748148.15,42740000,41223518.52,40087662.96,39294315.93,42567624.07,41158206.67,51347431.48,57183457.78,53352369.26,44997766.67,43421505.56,47787147.78,53354951.48,49581250.37,46282409.26,46765689.26,43959379.68,46258274.26,44564221.85,58206132.91,38313331.29,50721314.44
Suriname,"Goods exports (BoP, current US$)",,,,,,,,,,,,,,,,,,1211500000,1174500000,1359000000,1743500000,1401800000,2084097840,2646888619,2700318313,2416721569,2148859163,1665753382,1440204016,1985018737,2065103327,2129378550,2343773596,2203515992,2456640925
Sweden,"Goods exports (BoP, current US$)",49551200516,51306544774,57020002086,54747422635,55632443821,49558393055,60456913143,80203401434,84942949248,83398079668,88073833673,87623542500,92441279022,84198841253,84897425344,1.04936E+11,1.27162E+11,1.35861E+11,1.55838E+11,1.81102E+11,1.97331E+11,1.37966E+11,1.66225E+11,1.96756E+11,1.84266E+11,1.79208E+11,1.80035E+11,1.51204E+11,1.50299E+11,1.65543E+11,1.8075E+11,1.79439E+11,1.70935E+11,2.11005E+11,2.18732E+11
Switzerland,"Goods exports (BoP, current US$)",63164081186,66397237037,78756537232,74952109206,80427837782,75920908670,83272884804,98016170964,96394123025,96016330046,94503684862,92694323021,95116039173,96704749860,1.02133E+11,1.1765E+11,1.43928E+11,1.54777E+11,1.74181E+11,2.09669E+11,2.56899E+11,2.22502E+11,2.85311E+11,3.55103E+11,3.39106E+11,3.79155E+11,3.37823E+11,3.1207E+11,3.26948E+11,3.28689E+11,3.45951E+11,3.42872E+11,3.53461E+11,4.38816E+11,4.72405E+11
Syrian Arab Republic,"Goods exports (BoP, current US$)",1347600000,3012500000,4156000000,3437900000,3100000000,3253000000,3329000000,3858000000,4178000000,4057000000,3142000000,3806000000,5146000000,5706000000,6668000000,5692000000,7220400000,8602000000,10244800000,11755667755,15334000000,10883491161,12272749953,,,,,,,,,,,,
Tajikistan,"Goods exports (BoP, current US$)",,,,,,,,,,,,,,,699148000,906198200,1096934700,345683700,349215500,385357200,395103500,420440300,457498800,591692800,824147400,573848000,526763750,572307520,667698430,872964168.2,874037946,1001136180,1270628872,2014509975,1615472355
Tanzania,"Goods exports (BoP, current US$)",386485901.5,415108661.7,407806137.6,362981099.2,406351076,446877896.3,519403381.9,682543690,764092808.3,752500000,636100000,601500043.2,733600208.9,851307701,979565662,1220850427,1481636702,1702496236,1917618836,2226557064,3578801421,3298090284,4324280328,5097900545,5889215553,5258066450,5160301465,4826730611,4873854001,4510756174,4292715312,5377596942,6371715784,,
Thailand,"Goods exports (BoP, current US$)",15781115885,19833636881,22810464648,28232236293,32099421729,36406274642,44504227354,55446656854,54408384561,56655902127,52752885286,56775078012,67893605164,63082304852,66052137107,78083315058,94978718537,1.09362E+11,1.27941E+11,1.51258E+11,1.75233E+11,1.51764E+11,1.92903E+11,2.21399E+11,2.27655E+11,2.27455E+11,2.26638E+11,2.13364E+11,2.13487E+11,2.33688E+11,2.51108E+11,2.42701E+11,2.26984E+11,2.70564E+11,2.85375E+11
Togo,"Goods exports (BoP, current US$)",435345897,411697752.7,513830675.8,514425543.9,419725883.8,264007342.1,328386992.1,377402772.9,440644959.7,422472056.4,420269945.3,391614032.1,362720510.5,357524337.4,426236618.4,599052633.9,602097669,634341646,630912956,677789082.9,856052464.1,906658671.7,977107167,1180353575,1293274454,1522413062,1327504733,1010951315,1036501362,1018601709,1081014486,1055109029,1207444306,,
Tonga,"Goods exports (BoP, current US$)",6419341.887,9905984.812,9001052.946,10569388.92,14278404.43,11901026.38,15883868.99,,,,,,,6620312.373,10872132.26,17340562.97,19356279.58,21837437.33,10767274.04,12956702.42,13398633.41,9722235.415,9734448.854,13615859.13,16731577.29,14965365.04,17913931.45,21659029.36,25165953.17,20785771.73,14317715.76,15697689.99,17940972.41,16177497.71,15202164.33
Trinidad and Tobago,"Goods exports (BoP, current US$)",1469450407,1550752941,1960094118,1774470588,1691364706,1500085029,1777641505,2456136762,2354079105,2447950644,2258019317,2782700000,4275100226,4291000229,3909500000,5195700000,6533258665,9981746810,14064622194,13197660781,18620728923,9203976047,11219327322,17486876035,16730852658,17911528738,15299287339,11726818877,8504401506,9644696294,10755630448,8764293318,6002898482,11082023370,16687114039
Tunisia,"Goods exports (BoP, current US$)",2399148990,2930516115,3514611006,3695568904,4041005540,3745983777,4643349961,5469733016,5518752836,5559231100,5768732574,5934793146,5899976897,6653865870,6900731501,8085632054,10025157906,10691262236,11738021450,15191925236,19248517148,14481420451,16493433003,17876330401,17071350446,17145574198,16841268205,14158771427,13650114058,14310507662,15563609803,15000817875,13834225724,16810148627,
Turkey,"Goods exports (BoP, current US$)",11929000000,11780000000,13026000000,13667000000,14891000000,15611000000,18390000000,21975000000,32142000000,32195000000,30852000000,29135000000,30923000000,34810000000,40705000000,52472000000,68833000000,78509000000,93778000000,1.15379E+11,1.40906E+11,1.09732E+11,1.20992E+11,1.42392E+11,1.61948E+11,1.67397E+11,1.73293E+11,1.54865E+11,1.52645E+11,1.69214E+11,1.78909E+11,1.822E+11,1.68378E+11,2.24686E+11,2.53403E+11
Turkmenistan,"Goods exports (BoP, current US$)",,,,,,,,,,,,,,,,,,,,,,,,,,,,,,,,,,,
Turks and Caicos Isl.,"Goods exports (BoP, current US$)",,,,,,,,,,,,,,,,,,,,,,,,,,,6494000,4645879,4484700,2308000,5800000,,,,
Tuvalu,"Goods exports (BoP, current US$)",,,,,,,,,,,,,,206884.8699,231450.9831,287953.7717,301525.4614,336776.6176,417930.0452,400812.503,542704.0418,2574556.879,10014602.9,10502758.59,20616234.91,144863.6386,374729.363,470198.0156,419729.7758,395043.4954,213584.9938,501702.5212,169837.5352,516127.5965,
Uganda,"Goods exports (BoP, current US$)",266300000,277700000,177800000,173200000,151200000,200000000,463000000,560300000,639330000,592620000,510200000,483500000,449900000,467237907.7,478169944.7,572217735.8,759123292.3,1015857576,1175873033,1764969158,2207628743,2326561994,2163974071,2519126643,2810480877,2828714740,2724773133,2667186167,2921246771,3449910975,3636182324,4095646135,4461295408,4493853867,
Ukraine,"Goods exports (BoP, current US$)",,,,,,,13221000000,13149000000,13882000000,15386000000,12100000000,11624000000,13781000000,15122000000,16514000000,21437000000,30581000000,32184000000,36174000000,46168000000,63188000000,37134000000,47299000000,62383000000,64427000000,59106000000,50552000000,35420000000,33560000000,39701000000,43341000000,46091000000,45143000000,63113000000,40899000000
United Arab Emirates,"Goods exports (BoP, current US$)",,,,,,,,,,,,,,,,,,,,,,,,,,,,,,,,,,,
United Kingdom,"Goods exports (BoP, current US$)",1.43725E+11,1.5144E+11,1.82804E+11,1.83506E+11,1.89366E+11,1.83313E+11,2.07188E+11,2.42318E+11,2.61247E+11,2.81537E+11,2.71723E+11,2.69169E+11,2.82693E+11,2.74517E+11,2.81132E+11,3.07075E+11,3.4997E+11,3.85924E+11,4.52712E+11,4.45934E+11,4.67973E+11,3.54608E+11,4.08865E+11,4.82215E+11,4.68787E+11,4.6618E+11,4.73528E+11,4.27337E+11,4.02141E+11,4.34898E+11,4.67666E+11,4.64243E+11,3.94446E+11,4.44759E+11,5.08364E+11
United States,"Goods exports (BoP, current US$)",3.20228E+11,3.59923E+11,3.87398E+11,4.14077E+11,4.39631E+11,4.56943E+11,5.02859E+11,5.75204E+11,6.12113E+11,6.78366E+11,6.70416E+11,6.98524E+11,7.84939E+11,7.31331E+11,6.98036E+11,7.30445E+11,8.23584E+11,9.13016E+11,1.04091E+12,1.16515E+12,1.30879E+12,1.07033E+12,1.29028E+12,1.49889E+12,1.56263E+12,1.59371E+12,1.63556E+12,1.51138E+12,1.45739E+12,1.557E+12,1.67691E+12,1.6551E+12,1.43385E+12,1.76588E+12,2.08992E+12
Uruguay,"Goods exports (BoP, current US$)",1404500000,1599000000,1692900000,1604700000,1801400000,1731600000,1917600000,2147600000,2448500000,2793100000,2829300000,2290600000,2383784780,2139495150,1922066128,2281191268,3145007299,3774078194,4399810189,5099904953,7095469859,6391830118,8030689479,9273742321,13133856773,13267740901,13908478835,11430419594,10612424004,11121674852,11778040259,11865420833,10056958388,15684093957,17065286148
Uzbekistan,"Goods exports (BoP, current US$)",,,,,,,,,,,,,,,,,,4761667513,5662038257,7976367762,10242912150,10768293315,10647939647,12405089719,10848550631,11149958341,10556224874,9481463079,8645168397,10161532897,11385590058,13898626660,12832166265,14142014007,17110182579
Vanuatu,"Goods exports (BoP, current US$)",15387337.82,13739050.98,13731603.26,14856832.77,17795587.51,17429651.82,25105977.48,28279003.26,30197048.78,35320103.83,33784739.25,25658442.17,27191147.51,19888957.85,20199876.87,26836551.72,38142840.19,38113245.11,37694911.85,33547266.47,41879497.05,55235400.88,48764329.44,67318471.27,54716277.28,38530333.58,63376967.77,38847651.89,50175752.11,60531903.95,63025478.74,46519424.77,46161284.76,53832713.74,
Venezuela,"Goods exports (BoP, current US$)",10217000000,13056000000,17620000000,15155000000,14187000000,14765000000,16092000000,19068000000,23692000000,23867000000,17703000000,20959000000,33525000000,26663000000,26777000000,27226000000,39664000000,55712000000,65574000000,70193000000,96053000000,58514000000,66883000000,93743000000,97873000000,88749000000,74672000000,37232000000,27399000000,,,,,,
Vietnam,"Goods exports (BoP, current US$)",,,,,,,,,7255000000,9185000000,9361000000,11540000000,14448000000,15027000000,16706000000,20149000000,26485000000,32447000000,39826000000,48561000000,62685000000,57096000000,72237000000,96906000000,1.14694E+11,1.32032E+11,1.50217E+11,1.62017E+11,1.76581E+11,2.15119E+11,2.43697E+11,2.64189E+11,2.82629E+11,3.35916E+11,3.71304E+11
Yemen,"Goods exports (BoP, current US$)",,,,,,,,,,,,,,,,,,6413184251,7316390000,7049520000,8976860000,5881025326,7648263495,9116709196,7808322733,7841635335,7723739427,1438879485,472836000,,,,,,
Zambia,"Goods exports (BoP, current US$)",1189500000,1340000000,1253500000,1172200000,,,,,,1110400000,814400000,772000000,756960000,910785000,989149000,1086517000,1844506000,2278227201,3984807086,4555622325,5013122980,4371909782,7483488751,8753615653,9520790727,10843374324,10220151404,7361953250,6534819286,8215549658,9029401556,7246057821,8002853405,11201979700,11504782266
Zimbabwe,"Goods exports (BoP, current US$)",1662965462,1691612200,1745891811,1691876968,1525847667,1607248556,1958829540,,,,,,,,,,,,,,,1604042164,3245065709,4527562990,3963772579,3810276854,3682098511,3577478216,3662938962,4163597315,4677644667,4663688580,4931858885,,